x,y,timestamp
-1.98517,-0.486126,1.74135e+09
-1.98517,-0.486127,1.74135e+09
-1.98517,-0.486127,1.74135e+09
-1.98517,-0.486128,1.74135e+09
-1.98517,-0.486128,1.74135e+09
-1.98517,-0.486128,1.74135e+09
-1.98517,-0.486128,1.74135e+09
-1.98517,-0.486128,1.74135e+09
-1.98517,-0.486128,1.74135e+09
-1.98517,-0.486128,1.74135e+09
-1.98517,-0.486128,1.74135e+09
-1.98517,-0.486128,1.74135e+09
-1.98517,-0.486128,1.74135e+09
-1.98517,-0.486128,1.74135e+09
-1.98517,-0.48613,1.74135e+09
-1.98518,-0.486131,1.74135e+09
-1.98518,-0.486131,1.74135e+09
-1.98519,-0.486133,1.74135e+09
-1.9852,-0.486135,1.74135e+09
-1.98521,-0.486137,1.74135e+09
-1.98522,-0.486139,1.74135e+09
-1.98523,-0.486142,1.74135e+09
-1.98524,-0.486144,1.74135e+09
-1.98525,-0.486147,1.74135e+09
-1.98527,-0.486149,1.74135e+09
-1.98528,-0.486153,1.74135e+09
-1.9853,-0.486156,1.74135e+09
-1.98532,-0.486158,1.74135e+09
-1.98534,-0.486161,1.74135e+09
-1.98536,-0.486164,1.74135e+09
-1.98538,-0.486167,1.74135e+09
-1.9854,-0.48617,1.74135e+09
-1.98543,-0.486173,1.74135e+09
-1.98545,-0.486175,1.74135e+09
-1.98548,-0.486178,1.74135e+09
-1.98551,-0.48618,1.74135e+09
-1.98554,-0.486182,1.74135e+09
-1.98557,-0.486183,1.74135e+09
-1.9856,-0.486184,1.74135e+09
-1.98564,-0.486184,1.74135e+09
-1.98567,-0.486184,1.74135e+09
-1.98571,-0.486183,1.74135e+09
-1.98574,-0.486182,1.74135e+09
-1.98578,-0.486179,1.74135e+09
-1.98582,-0.486176,1.74135e+09
-1.98585,-0.486172,1.74135e+09
-1.98589,-0.486167,1.74135e+09
-1.98593,-0.486162,1.74135e+09
-1.98597,-0.486156,1.74135e+09
-1.98601,-0.486149,1.74135e+09
-1.98604,-0.486141,1.74135e+09
-1.98608,-0.486132,1.74135e+09
-1.98612,-0.486122,1.74135e+09
-1.98616,-0.486111,1.74135e+09
-1.98621,-0.486099,1.74135e+09
-1.98625,-0.486085,1.74135e+09
-1.98629,-0.48607,1.74135e+09
-1.98633,-0.486055,1.74135e+09
-1.98638,-0.486037,1.74135e+09
-1.98642,-0.486018,1.74135e+09
-1.98647,-0.485998,1.74135e+09
-1.98651,-0.485976,1.74135e+09
-1.98656,-0.485951,1.74135e+09
-1.9866,-0.485926,1.74135e+09
-1.98665,-0.485899,1.74135e+09
-1.98669,-0.485869,1.74135e+09
-1.98674,-0.485838,1.74135e+09
-1.98678,-0.485805,1.74135e+09
-1.98683,-0.485769,1.74135e+09
-1.98688,-0.48573,1.74135e+09
-1.98692,-0.485689,1.74135e+09
-1.98697,-0.485648,1.74135e+09
-1.98701,-0.485603,1.74135e+09
-1.98706,-0.485555,1.74135e+09
-1.9871,-0.485505,1.74135e+09
-1.98714,-0.485452,1.74135e+09
-1.98718,-0.485398,1.74135e+09
-1.98722,-0.485342,1.74135e+09
-1.98726,-0.485282,1.74135e+09
-1.9873,-0.48522,1.74135e+09
-1.98733,-0.485159,1.74135e+09
-1.98736,-0.485096,1.74135e+09
-1.98739,-0.485031,1.74135e+09
-1.98741,-0.484966,1.74135e+09
-1.98744,-0.484901,1.74135e+09
-1.98746,-0.484834,1.74135e+09
-1.98748,-0.484766,1.74135e+09
-1.98749,-0.484698,1.74135e+09
-1.98751,-0.484629,1.74135e+09
-1.98752,-0.48456,1.74135e+09
-1.98753,-0.48449,1.74135e+09
-1.98753,-0.48442,1.74135e+09
-1.98753,-0.48435,1.74135e+09
-1.98754,-0.48428,1.74135e+09
-1.98753,-0.48421,1.74135e+09
-1.98753,-0.48414,1.74135e+09
-1.98752,-0.484071,1.74135e+09
-1.98751,-0.484001,1.74135e+09
-1.9875,-0.483932,1.74135e+09
-1.98749,-0.483863,1.74135e+09
-1.98747,-0.483795,1.74135e+09
-1.98745,-0.483728,1.74135e+09
-1.98743,-0.483661,1.74135e+09
-1.9874,-0.483595,1.74135e+09
-1.98737,-0.483531,1.74135e+09
-1.98734,-0.483467,1.74135e+09
-1.98731,-0.483404,1.74135e+09
-1.98728,-0.483342,1.74135e+09
-1.98724,-0.483282,1.74135e+09
-1.9872,-0.483223,1.74135e+09
-1.98716,-0.483166,1.74135e+09
-1.98712,-0.48311,1.74135e+09
-1.98707,-0.483055,1.74135e+09
-1.98703,-0.483003,1.74135e+09
-1.98698,-0.482952,1.74135e+09
-1.98693,-0.482904,1.74135e+09
-1.98687,-0.482857,1.74135e+09
-1.98682,-0.482812,1.74135e+09
-1.98676,-0.48277,1.74135e+09
-1.9867,-0.482729,1.74135e+09
-1.98665,-0.482691,1.74135e+09
-1.98658,-0.482655,1.74135e+09
-1.98652,-0.482621,1.74135e+09
-1.98646,-0.48259,1.74135e+09
-1.9864,-0.482561,1.74135e+09
-1.98633,-0.482535,1.74135e+09
-1.98627,-0.482511,1.74135e+09
-1.9862,-0.48249,1.74135e+09
-1.98613,-0.482471,1.74135e+09
-1.98606,-0.482454,1.74135e+09
-1.98599,-0.482441,1.74135e+09
-1.98592,-0.482429,1.74135e+09
-1.98585,-0.48242,1.74135e+09
-1.98579,-0.482414,1.74135e+09
-1.98572,-0.48241,1.74135e+09
-1.98564,-0.482409,1.74135e+09
-1.98557,-0.482411,1.74135e+09
-1.9855,-0.482415,1.74135e+09
-1.98543,-0.482421,1.74135e+09
-1.98537,-0.482431,1.74135e+09
-1.9853,-0.482442,1.74135e+09
-1.98523,-0.482457,1.74135e+09
-1.98516,-0.482474,1.74135e+09
-1.98509,-0.482493,1.74135e+09
-1.98503,-0.482515,1.74135e+09
-1.98496,-0.48254,1.74135e+09
-1.98489,-0.482567,1.74135e+09
-1.98483,-0.482596,1.74135e+09
-1.98477,-0.482628,1.74135e+09
-1.98471,-0.482662,1.74135e+09
-1.98465,-0.482699,1.74135e+09
-1.98459,-0.482738,1.74135e+09
-1.98453,-0.482779,1.74135e+09
-1.98447,-0.482822,1.74135e+09
-1.98442,-0.482867,1.74135e+09
-1.98437,-0.482914,1.74135e+09
-1.98432,-0.482963,1.74135e+09
-1.98427,-0.483014,1.74135e+09
-1.98422,-0.483066,1.74135e+09
-1.98418,-0.483121,1.74135e+09
-1.98413,-0.483176,1.74135e+09
-1.98409,-0.483234,1.74135e+09
-1.98405,-0.483293,1.74135e+09
-1.98402,-0.483353,1.74135e+09
-1.98398,-0.483415,1.74135e+09
-1.98395,-0.483477,1.74135e+09
-1.98392,-0.483541,1.74135e+09
-1.9839,-0.483606,1.74135e+09
-1.98387,-0.483672,1.74135e+09
-1.98385,-0.483738,1.74135e+09
-1.98383,-0.483806,1.74135e+09
-1.98381,-0.483874,1.74135e+09
-1.9838,-0.483943,1.74135e+09
-1.98378,-0.484012,1.74135e+09
-1.98377,-0.484081,1.74135e+09
-1.98377,-0.484151,1.74135e+09
-1.98376,-0.484221,1.74135e+09
-1.98376,-0.484291,1.74135e+09
-1.98376,-0.484361,1.74135e+09
-1.98377,-0.484432,1.74135e+09
-1.98377,-0.484501,1.74135e+09
-1.98378,-0.484571,1.74135e+09
-1.98379,-0.48464,1.74135e+09
-1.98381,-0.484709,1.74135e+09
-1.98382,-0.484778,1.74135e+09
-1.98384,-0.484845,1.74135e+09
-1.98386,-0.484912,1.74135e+09
-1.98389,-0.484978,1.74135e+09
-1.98391,-0.485043,1.74135e+09
-1.98394,-0.485107,1.74135e+09
-1.98398,-0.48517,1.74135e+09
-1.98401,-0.485232,1.74135e+09
-1.98405,-0.485292,1.74135e+09
-1.98408,-0.485351,1.74135e+09
-1.98413,-0.485409,1.74135e+09
-1.98417,-0.485465,1.74135e+09
-1.98421,-0.485519,1.74135e+09
-1.98426,-0.485572,1.74135e+09
-1.98431,-0.485623,1.74135e+09
-1.98436,-0.485672,1.74135e+09
-1.98441,-0.485719,1.74135e+09
-1.98446,-0.485765,1.74135e+09
-1.98452,-0.485808,1.74135e+09
-1.98458,-0.48585,1.74135e+09
-1.98464,-0.485889,1.74135e+09
-1.9847,-0.485926,1.74135e+09
-1.98476,-0.485961,1.74135e+09
-1.98482,-0.485993,1.74135e+09
-1.98488,-0.486024,1.74135e+09
-1.98495,-0.486052,1.74135e+09
-1.98501,-0.486077,1.74135e+09
-1.98508,-0.4861,1.74135e+09
-1.98515,-0.486121,1.74135e+09
-1.98521,-0.486139,1.74135e+09
-1.98528,-0.486154,1.74135e+09
-1.98535,-0.486167,1.74135e+09
-1.98542,-0.486177,1.74135e+09
-1.98549,-0.486185,1.74135e+09
-1.98556,-0.486189,1.74135e+09
-1.98563,-0.486191,1.74135e+09
-1.9857,-0.486191,1.74135e+09
-1.98577,-0.486187,1.74135e+09
-1.98584,-0.486181,1.74135e+09
-1.98591,-0.486172,1.74135e+09
-1.98598,-0.486161,1.74135e+09
-1.98605,-0.486147,1.74135e+09
-1.98612,-0.48613,1.74135e+09
-1.98619,-0.486111,1.74135e+09
-1.98625,-0.486089,1.74135e+09
-1.98632,-0.486065,1.74135e+09
-1.98638,-0.486038,1.74135e+09
-1.98645,-0.486009,1.74135e+09
-1.98651,-0.485978,1.74135e+09
-1.98657,-0.485944,1.74135e+09
-1.98663,-0.485908,1.74135e+09
-1.98669,-0.48587,1.74135e+09
-1.98675,-0.48583,1.74135e+09
-1.98681,-0.485788,1.74135e+09
-1.98686,-0.485743,1.74135e+09
-1.98692,-0.485697,1.74135e+09
-1.98697,-0.485649,1.74135e+09
-1.98702,-0.485599,1.74135e+09
-1.98706,-0.485547,1.74135e+09
-1.98711,-0.485493,1.74135e+09
-1.98715,-0.485438,1.74135e+09
-1.9872,-0.485381,1.74135e+09
-1.98724,-0.485323,1.74135e+09
-1.98727,-0.485263,1.74135e+09
-1.98731,-0.485202,1.74135e+09
-1.98734,-0.48514,1.74135e+09
-1.98737,-0.485076,1.74135e+09
-1.9874,-0.485011,1.74135e+09
-1.98743,-0.484946,1.74135e+09
-1.98745,-0.48488,1.74135e+09
-1.98747,-0.484812,1.74135e+09
-1.98749,-0.484744,1.74135e+09
-1.9875,-0.484676,1.74135e+09
-1.98752,-0.484607,1.74135e+09
-1.98753,-0.484537,1.74135e+09
-1.98753,-0.484468,1.74135e+09
-1.98754,-0.484398,1.74135e+09
-1.98754,-0.484328,1.74135e+09
-1.98754,-0.484257,1.74135e+09
-1.98754,-0.484187,1.74135e+09
-1.98753,-0.484117,1.74135e+09
-1.98752,-0.484048,1.74135e+09
-1.98751,-0.483978,1.74135e+09
-1.9875,-0.483909,1.74135e+09
-1.98748,-0.483841,1.74135e+09
-1.98746,-0.483773,1.74135e+09
-1.98744,-0.483706,1.74135e+09
-1.98742,-0.48364,1.74135e+09
-1.98739,-0.483574,1.74135e+09
-1.98736,-0.48351,1.74135e+09
-1.98733,-0.483446,1.74135e+09
-1.9873,-0.483384,1.74135e+09
-1.98727,-0.483323,1.74135e+09
-1.98723,-0.483264,1.74135e+09
-1.98719,-0.483205,1.74135e+09
-1.98715,-0.483148,1.74135e+09
-1.9871,-0.483093,1.74135e+09
-1.98706,-0.48304,1.74135e+09
-1.98701,-0.482987,1.74135e+09
-1.98696,-0.482937,1.74135e+09
-1.98691,-0.482889,1.74135e+09
-1.98686,-0.482843,1.74135e+09
-1.9868,-0.482799,1.74135e+09
-1.98674,-0.482757,1.74135e+09
-1.98669,-0.482717,1.74135e+09
-1.98663,-0.482679,1.74135e+09
-1.98657,-0.482643,1.74135e+09
-1.9865,-0.48261,1.74135e+09
-1.98644,-0.48258,1.74135e+09
-1.98638,-0.482551,1.74135e+09
-1.98631,-0.482526,1.74135e+09
-1.98624,-0.482503,1.74135e+09
-1.98618,-0.482482,1.74135e+09
-1.98611,-0.482464,1.74135e+09
-1.98604,-0.482448,1.74135e+09
-1.98597,-0.482435,1.74135e+09
-1.9859,-0.482425,1.74135e+09
-1.98583,-0.482417,1.74135e+09
-1.98576,-0.482412,1.74135e+09
-1.98569,-0.482409,1.74135e+09
-1.98562,-0.482409,1.74135e+09
-1.98555,-0.482412,1.74135e+09
-1.98548,-0.482417,1.74135e+09
-1.98541,-0.482425,1.74135e+09
-1.98534,-0.482435,1.74135e+09
-1.98527,-0.482447,1.74135e+09
-1.98521,-0.482463,1.74135e+09
-1.98514,-0.48248,1.74135e+09
-1.98507,-0.482501,1.74135e+09
-1.985,-0.482524,1.74135e+09
-1.98494,-0.482549,1.74135e+09
-1.98487,-0.482576,1.74135e+09
-1.98481,-0.482607,1.74135e+09
-1.98475,-0.482639,1.74135e+09
-1.98469,-0.482674,1.74135e+09
-1.98463,-0.482711,1.74135e+09
-1.98457,-0.48275,1.74135e+09
-1.98451,-0.482792,1.74135e+09
-1.98446,-0.482835,1.74135e+09
-1.9844,-0.482881,1.74135e+09
-1.98435,-0.482929,1.74135e+09
-1.9843,-0.482978,1.74135e+09
-1.98425,-0.48303,1.74135e+09
-1.98421,-0.483083,1.74135e+09
-1.98416,-0.483138,1.74135e+09
-1.98412,-0.483194,1.74135e+09
-1.98408,-0.483252,1.74135e+09
-1.98404,-0.483311,1.74135e+09
-1.98401,-0.483372,1.74135e+09
-1.98397,-0.483434,1.74135e+09
-1.98394,-0.483497,1.74135e+09
-1.98391,-0.483561,1.74135e+09
-1.98389,-0.483626,1.74135e+09
-1.98386,-0.483692,1.74135e+09
-1.98384,-0.483759,1.74135e+09
-1.98382,-0.483827,1.74135e+09
-1.98381,-0.483895,1.74135e+09
-1.98379,-0.483964,1.74135e+09
-1.98378,-0.484033,1.74135e+09
-1.98377,-0.484103,1.74135e+09
-1.98377,-0.484171,1.74135e+09
-1.98376,-0.484236,1.74135e+09
-1.98376,-0.484303,1.74135e+09
-1.98376,-0.484369,1.74135e+09
-1.98377,-0.484431,1.74135e+09
-1.98377,-0.484492,1.74135e+09
-1.98378,-0.484552,1.74135e+09
-1.98379,-0.484612,1.74135e+09
-1.9838,-0.48467,1.74135e+09
-1.98381,-0.484723,1.74135e+09
-1.98382,-0.484774,1.74135e+09
-1.98384,-0.484827,1.74135e+09
-1.98385,-0.484879,1.74135e+09
-1.98387,-0.484924,1.74135e+09
-1.98388,-0.484967,1.74135e+09
-1.9839,-0.485012,1.74135e+09
-1.98392,-0.485056,1.74135e+09
-1.98393,-0.485095,1.74135e+09
-1.98395,-0.485133,1.74135e+09
-1.98397,-0.485171,1.74135e+09
-1.98399,-0.485207,1.74135e+09
-1.98401,-0.485243,1.74135e+09
-1.98403,-0.485273,1.74135e+09
-1.98404,-0.485302,1.74135e+09
-1.98406,-0.485332,1.74135e+09
-1.98408,-0.485361,1.74135e+09
-1.9841,-0.485386,1.74135e+09
-1.98412,-0.485411,1.74135e+09
-1.98413,-0.485434,1.74135e+09
-1.98415,-0.485457,1.74135e+09
-1.98417,-0.485477,1.74135e+09
-1.98418,-0.485496,1.74135e+09
-1.98419,-0.485511,1.74135e+09
-1.98421,-0.48553,1.74135e+09
-1.98422,-0.485545,1.74135e+09
-1.98423,-0.485558,1.74135e+09
-1.98425,-0.485571,1.74135e+09
-1.98426,-0.485583,1.74135e+09
-1.98427,-0.485595,1.74135e+09
-1.98428,-0.485604,1.74135e+09
-1.98429,-0.485612,1.74135e+09
-1.98429,-0.485621,1.74135e+09
-1.9843,-0.48563,1.74135e+09
-1.98431,-0.485639,1.74135e+09
-1.98432,-0.485648,1.74135e+09
-1.98433,-0.485656,1.74135e+09
-1.98434,-0.485665,1.74135e+09
-1.98435,-0.485674,1.74135e+09
-1.98436,-0.485681,1.74135e+09
-1.98437,-0.485687,1.74135e+09
-1.98437,-0.485693,1.74135e+09
-1.98438,-0.485699,1.74135e+09
-1.98438,-0.485702,1.74135e+09
-1.98439,-0.485705,1.74135e+09
-1.98439,-0.485709,1.74135e+09
-1.98439,-0.48571,1.74135e+09
-1.98439,-0.485711,1.74135e+09
-1.9844,-0.485713,1.74135e+09
-1.9844,-0.485712,1.74135e+09
-1.98439,-0.48571,1.74135e+09
-1.98439,-0.485708,1.74135e+09
-1.98439,-0.485705,1.74135e+09
-1.98438,-0.485703,1.74135e+09
-1.98438,-0.485697,1.74135e+09
-1.98437,-0.485692,1.74135e+09
-1.98437,-0.485688,1.74135e+09
-1.98436,-0.48568,1.74135e+09
-1.98435,-0.485673,1.74135e+09
-1.98434,-0.485666,1.74135e+09
-1.98433,-0.485656,1.74135e+09
-1.98432,-0.485646,1.74135e+09
-1.98431,-0.485634,1.74135e+09
-1.9843,-0.485622,1.74135e+09
-1.98429,-0.48561,1.74135e+09
-1.98427,-0.485595,1.74135e+09
-1.98426,-0.485581,1.74135e+09
-1.98425,-0.485567,1.74135e+09
-1.98423,-0.485553,1.74135e+09
-1.98422,-0.485538,1.74135e+09
-1.98421,-0.485523,1.74135e+09
-1.9842,-0.485509,1.74135e+09
-1.98418,-0.485494,1.74135e+09
-1.98417,-0.485479,1.74135e+09
-1.98416,-0.485463,1.74135e+09
-1.98415,-0.485448,1.74135e+09
-1.98414,-0.485432,1.74135e+09
-1.98413,-0.485417,1.74135e+09
-1.98411,-0.485401,1.74135e+09
-1.9841,-0.485385,1.74135e+09
-1.98409,-0.485369,1.74135e+09
-1.98408,-0.485353,1.74135e+09
-1.98407,-0.485337,1.74135e+09
-1.98406,-0.48532,1.74135e+09
-1.98405,-0.485304,1.74135e+09
-1.98404,-0.485288,1.74135e+09
-1.98403,-0.485271,1.74135e+09
-1.98393,-0.485115,1.74135e+09
-1.98382,-0.484957,1.74135e+09
-1.98372,-0.484799,1.74135e+09
-1.98352,-0.484497,1.74135e+09
-1.98324,-0.48405,1.74135e+09
-1.98296,-0.483599,1.74135e+09
-1.98269,-0.483146,1.74135e+09
-1.98234,-0.482544,1.74135e+09
-1.98199,-0.481938,1.74135e+09
-1.98164,-0.481328,1.74135e+09
-1.98131,-0.480715,1.74135e+09
-1.98098,-0.480099,1.74135e+09
-1.98065,-0.479479,1.74135e+09
-1.98033,-0.478856,1.74135e+09
-1.98002,-0.47823,1.74135e+09
-1.97972,-0.477601,1.74135e+09
-1.97942,-0.476969,1.74135e+09
-1.97913,-0.476334,1.74135e+09
-1.97877,-0.475541,1.74135e+09
-1.97835,-0.474589,1.74135e+09
-1.97788,-0.473477,1.74135e+09
-1.97736,-0.472203,1.74135e+09
-1.97678,-0.470766,1.74135e+09
-1.97615,-0.469165,1.74135e+09
-1.97543,-0.467239,1.74135e+09
-1.97466,-0.465147,1.74135e+09
-1.97386,-0.462886,1.74135e+09
-1.97302,-0.460456,1.74135e+09
-1.97216,-0.457856,1.74135e+09
-1.97127,-0.455086,1.74135e+09
-1.97036,-0.452145,1.74135e+09
-1.97025,-0.451808,1.74135e+09
-1.96982,-0.450387,1.74135e+09
-1.96904,-0.44786,1.74135e+09
-1.96803,-0.444603,1.74135e+09
-1.96686,-0.44069,1.74135e+09
-1.96568,-0.436586,1.74135e+09
-1.9645,-0.432308,1.74135e+09
-1.96332,-0.427857,1.74135e+09
-1.96223,-0.423566,1.74135e+09
-1.96101,-0.418592,1.74135e+09
-1.95981,-0.413442,1.74135e+09
-1.95863,-0.408112,1.74135e+09
-1.95746,-0.402604,1.74135e+09
-1.95632,-0.396917,1.74135e+09
-1.9552,-0.391053,1.74135e+09
-1.95423,-0.385678,1.74135e+09
-1.95314,-0.379289,1.74135e+09
-1.9521,-0.372723,1.74135e+09
-1.95109,-0.365979,1.74135e+09
-1.95013,-0.359057,1.74135e+09
-1.94922,-0.351957,1.74135e+09
-1.94836,-0.344679,1.74135e+09
-1.94756,-0.337224,1.74135e+09
-1.94683,-0.329762,1.74135e+09
-1.94618,-0.322291,1.74135e+09
-1.9456,-0.314814,1.74135e+09
-1.9451,-0.307331,1.74135e+09
-1.94468,-0.299843,1.74135e+09
-1.94433,-0.292351,1.74135e+09
-1.94406,-0.284856,1.74135e+09
-1.94387,-0.277358,1.74135e+09
-1.94375,-0.269859,1.74135e+09
-1.94371,-0.26236,1.74135e+09
-1.94374,-0.254861,1.74135e+09
-1.94385,-0.247363,1.74135e+09
-1.94403,-0.239866,1.74135e+09
-1.94429,-0.232372,1.74135e+09
-1.94463,-0.224882,1.74135e+09
-1.94505,-0.217394,1.74135e+09
-1.94554,-0.209912,1.74135e+09
-1.9461,-0.202434,1.74135e+09
-1.94675,-0.194963,1.74135e+09
-1.94747,-0.187498,1.74135e+09
-1.94826,-0.18004,1.74135e+09
-1.94913,-0.172591,1.74135e+09
-1.95008,-0.165151,1.74135e+09
-1.9511,-0.157721,1.74135e+09
-1.95219,-0.150302,1.74135e+09
-1.95336,-0.142895,1.74135e+09
-1.95461,-0.1355,1.74135e+09
-1.95593,-0.128118,1.74135e+09
-1.95733,-0.120751,1.74135e+09
-1.9588,-0.113398,1.74135e+09
-1.96035,-0.10606,1.74135e+09
-1.96197,-0.0987389,1.74135e+09
-1.96366,-0.091434,1.74135e+09
-1.96543,-0.0841471,1.74135e+09
-1.96728,-0.0768777,1.74135e+09
-1.96919,-0.0696277,1.74135e+09
-1.97118,-0.062397,1.74135e+09
-1.97325,-0.0551872,1.74135e+09
-1.97539,-0.0479983,1.74135e+09
-1.9776,-0.0408316,1.74135e+09
-1.97988,-0.0336877,1.74135e+09
-1.98223,-0.0265675,1.74135e+09
-1.98466,-0.0194716,1.74135e+09
-1.98716,-0.0124009,1.74135e+09
-1.98973,-0.00535606,1.74135e+09
-1.99237,0.00166217,1.74135e+09
-1.99508,0.00865321,1.74135e+09
-1.99787,0.0156163,1.74135e+09
-2.00072,0.0225508,1.74135e+09
-2.00365,0.029456,1.74135e+09
-2.00664,0.0363311,1.74135e+09
-2.00971,0.0431758,1.74135e+09
-2.01284,0.0499888,1.74135e+09
-2.01604,0.05677,1.74135e+09
-2.01931,0.0635183,1.74135e+09
-2.02265,0.070233,1.74135e+09
-2.02606,0.0769136,1.74135e+09
-2.02954,0.0835591,1.74135e+09
-2.03308,0.090169,1.74135e+09
-2.03669,0.0967424,1.74135e+09
-2.04037,0.103279,1.74135e+09
-2.04411,0.109778,1.74135e+09
-2.04792,0.116238,1.74135e+09
-2.05179,0.122659,1.74135e+09
-2.05573,0.12904,1.74135e+09
-2.05973,0.135382,1.74135e+09
-2.0638,0.141682,1.74135e+09
-2.06793,0.14794,1.74135e+09
-2.07213,0.154157,1.74135e+09
-2.07638,0.16033,1.74135e+09
-2.0807,0.16646,1.74135e+09
-2.08509,0.172546,1.74135e+09
-2.08953,0.178587,1.74135e+09
-2.09403,0.184583,1.74135e+09
-2.0986,0.190532,1.74135e+09
-2.10323,0.196435,1.74135e+09
-2.10791,0.20229,1.74135e+09
-2.11266,0.208098,1.74135e+09
-2.11746,0.213856,1.74135e+09
-2.12232,0.219566,1.74135e+09
-2.12724,0.225226,1.74135e+09
-2.13222,0.230836,1.74135e+09
-2.13725,0.236395,1.74135e+09
-2.14234,0.241902,1.74135e+09
-2.14749,0.247358,1.74135e+09
-2.15269,0.252761,1.74135e+09
-2.15794,0.258111,1.74135e+09
-2.16325,0.263407,1.74135e+09
-2.16862,0.26865,1.74135e+09
-2.17403,0.273837,1.74135e+09
-2.1795,0.278969,1.74135e+09
-2.18502,0.284045,1.74135e+09
-2.19059,0.289065,1.74135e+09
-2.19621,0.294028,1.74135e+09
-2.20189,0.298934,1.74135e+09
-2.20761,0.303781,1.74135e+09
-2.21338,0.308571,1.74135e+09
-2.2192,0.313301,1.74135e+09
-2.22506,0.317972,1.74135e+09
-2.23098,0.322584,1.74135e+09
-2.23694,0.327135,1.74135e+09
-2.24295,0.331625,1.74135e+09
-2.249,0.336054,1.74135e+09
-2.25509,0.340421,1.74135e+09
-2.26123,0.344726,1.74135e+09
-2.26742,0.348969,1.74135e+09
-2.27364,0.353148,1.74135e+09
-2.27991,0.357264,1.74135e+09
-2.28622,0.361316,1.74135e+09
-2.29258,0.365304,1.74135e+09
-2.29897,0.369227,1.74135e+09
-2.3054,0.373085,1.74135e+09
-2.31187,0.376878,1.74135e+09
-2.31837,0.380604,1.74135e+09
-2.32492,0.384264,1.74135e+09
-2.3315,0.387858,1.74135e+09
-2.33812,0.391384,1.74135e+09
-2.34477,0.394843,1.74135e+09
-2.35146,0.398234,1.74135e+09
-2.35819,0.401557,1.74135e+09
-2.36494,0.404812,1.74135e+09
-2.37173,0.407997,1.74135e+09
-2.37855,0.411114,1.74135e+09
-2.38541,0.414161,1.74135e+09
-2.39229,0.417139,1.74135e+09
-2.3992,0.420046,1.74135e+09
-2.40614,0.422883,1.74135e+09
-2.41311,0.425649,1.74135e+09
-2.42011,0.428345,1.74135e+09
-2.42714,0.430968,1.74135e+09
-2.43419,0.433521,1.74135e+09
-2.44127,0.436001,1.74135e+09
-2.44837,0.43841,1.74135e+09
-2.45549,0.440746,1.74135e+09
-2.46264,0.44301,1.74135e+09
-2.46981,0.445202,1.74135e+09
-2.47701,0.44732,1.74135e+09
-2.48422,0.449365,1.74135e+09
-2.49146,0.451336,1.74135e+09
-2.49871,0.453234,1.74135e+09
-2.50599,0.455059,1.74135e+09
-2.51328,0.456809,1.74135e+09
-2.52059,0.458484,1.74135e+09
-2.52792,0.460086,1.74135e+09
-2.5303,0.460301,1.74135e+09
-2.53023,0.460133,1.74135e+09
-2.53036,0.460035,1.74135e+09
-2.53062,0.459853,1.74135e+09
-2.53136,0.459687,1.74135e+09
-2.5325,0.459556,1.74135e+09
-2.53406,0.459699,1.74135e+09
-2.53582,0.460161,1.74135e+09
-2.53791,0.460617,1.74135e+09
-2.5403,0.461362,1.74135e+09
-2.54287,0.462412,1.74135e+09
-2.54529,0.463837,1.74135e+09
-2.54813,0.465224,1.74135e+09
-2.55082,0.466656,1.74135e+09
-2.54859,0.466442,1.74135e+09
-2.54535,0.465742,1.74135e+09
-2.54211,0.46493,1.74135e+09
-2.53887,0.464011,1.74135e+09
-2.53563,0.462989,1.74135e+09
-2.53241,0.461868,1.74135e+09
-2.5292,0.460651,1.74135e+09
-2.52601,0.459343,1.74135e+09
-2.52286,0.457947,1.74135e+09
-2.51974,0.456466,1.74135e+09
-2.51666,0.454901,1.74135e+09
-2.51363,0.453257,1.74135e+09
-2.51065,0.451535,1.74135e+09
-2.50774,0.449737,1.74135e+09
-2.50489,0.447865,1.74135e+09
-2.50366,0.448877,1.74135e+09
-2.50299,0.45107,1.74135e+09
-2.50221,0.453211,1.74135e+09
-2.50132,0.455295,1.74135e+09
-2.50033,0.457319,1.74135e+09
-2.49925,0.459282,1.74135e+09
-2.49809,0.46118,1.74135e+09
-2.49685,0.463011,1.74135e+09
-2.49553,0.464775,1.74135e+09
-2.49415,0.46647,1.74135e+09
-2.4927,0.468094,1.74135e+09
-2.4912,0.469648,1.74135e+09
-2.48965,0.471131,1.74135e+09
-2.48805,0.472542,1.74135e+09
-2.48641,0.473881,1.74135e+09
-2.48473,0.475148,1.74135e+09
-2.48302,0.476343,1.74135e+09
-2.48127,0.477466,1.74135e+09
-2.47951,0.478517,1.74135e+09
-2.47772,0.479497,1.74135e+09
-2.47591,0.480405,1.74135e+09
-2.47408,0.481242,1.74135e+09
-2.47224,0.482009,1.74135e+09
-2.4704,0.482706,1.74135e+09
-2.46854,0.483334,1.74135e+09
-2.46668,0.483893,1.74135e+09
-2.46273,0.490805,1.74135e+09
-2.45788,0.499555,1.74135e+09
-2.45277,0.508129,1.74135e+09
-2.44731,0.516527,1.74135e+09
-2.44171,0.524688,1.74135e+09
-2.43588,0.532684,1.74135e+09
-2.42977,0.540559,1.74135e+09
-2.42352,0.548199,1.74135e+09
-2.41713,0.555617,1.74135e+09
-2.41067,0.56276,1.74135e+09
-2.40387,0.569865,1.74135e+09
-2.39693,0.576747,1.74135e+09
-2.38988,0.583397,1.74135e+09
-2.38269,0.589844,1.74135e+09
-2.37539,0.596068,1.74135e+09
-2.36811,0.601942,1.74135e+09
-2.36028,0.607982,1.74135e+09
-2.35256,0.613619,1.74135e+09
-2.34474,0.619016,1.74135e+09
-2.33674,0.624271,1.74135e+09
-2.32893,0.629126,1.74135e+09
-2.32047,0.634082,1.74135e+09
-2.31232,0.638562,1.74135e+09
-2.30378,0.643035,1.74135e+09
-2.29528,0.647187,1.74135e+09
-2.2867,0.651114,1.74135e+09
-2.27803,0.654813,1.74135e+09
-2.26926,0.658292,1.74135e+09
-2.26045,0.661536,1.74135e+09
-2.25153,0.664545,1.74135e+09
-2.24255,0.667322,1.74135e+09
-2.2335,0.669866,1.74135e+09
-2.22439,0.672171,1.74135e+09
-2.21523,0.674235,1.74135e+09
-2.206,0.676051,1.74135e+09
-2.19674,0.677616,1.74135e+09
-2.18743,0.678926,1.74135e+09
-2.17808,0.679976,1.74135e+09
-2.16871,0.680763,1.74135e+09
-2.15932,0.681283,1.74135e+09
-2.14991,0.681533,1.74135e+09
-2.1405,0.681509,1.74135e+09
-2.13109,0.681208,1.74135e+09
-2.12168,0.680628,1.74135e+09
-2.1123,0.679767,1.74135e+09
-2.10294,0.678623,1.74135e+09
-2.09362,0.677193,1.74135e+09
-2.08434,0.675477,1.74135e+09
-2.07511,0.673474,1.74135e+09
-2.06595,0.671184,1.74135e+09
-2.05686,0.668607,1.74135e+09
-2.04785,0.665743,1.74135e+09
-2.03893,0.662594,1.74135e+09
-2.03011,0.659161,1.74135e+09
-2.0214,0.655447,1.74135e+09
-2.01281,0.651453,1.74135e+09
-2.00435,0.647184,1.74135e+09
-1.99602,0.642642,1.74135e+09
-1.98785,0.637833,1.74135e+09
-1.97983,0.63276,1.74135e+09
-1.97197,0.627429,1.74135e+09
-1.96429,0.621845,1.74135e+09
-1.95678,0.616015,1.74135e+09
-1.94947,0.609944,1.74135e+09
-1.94235,0.60364,1.74135e+09
-1.93543,0.59711,1.74135e+09
-1.92872,0.590361,1.74135e+09
-1.92223,0.583401,1.74135e+09
-1.91595,0.576238,1.74135e+09
-1.9099,0.56888,1.74135e+09
-1.90408,0.561335,1.74135e+09
-1.8985,0.553612,1.74135e+09
-1.89315,0.54572,1.74135e+09
-1.88804,0.537667,1.74135e+09
-1.88318,0.529461,1.74135e+09
-1.87856,0.521112,1.74135e+09
-1.8742,0.512629,1.74135e+09
-1.87008,0.504019,1.74135e+09
-1.86622,0.495304,1.74135e+09
-1.86261,0.486475,1.74135e+09
-1.85926,0.477545,1.74135e+09
-1.85617,0.468538,1.74135e+09
-1.85331,0.459435,1.74135e+09
-1.85072,0.450258,1.74135e+09
-1.84837,0.441013,1.74135e+09
-1.84627,0.431726,1.74135e+09
-1.84443,0.422371,1.74135e+09
-1.84282,0.412996,1.74135e+09
-1.84146,0.403548,1.74135e+09
-1.84036,0.394335,1.74135e+09
-1.83945,0.384605,1.74135e+09
-1.83881,0.375364,1.74135e+09
-1.83838,0.36559,1.74135e+09
-1.83819,0.356088,1.74135e+09
-1.83823,0.34655,1.74135e+09
-1.83849,0.337044,1.74135e+09
-1.83896,0.327571,1.74135e+09
-1.83961,0.318382,1.74135e+09
-1.84056,0.308587,1.74135e+09
-1.84167,0.299149,1.74135e+09
-1.84298,0.289738,1.74135e+09
-1.8445,0.280359,1.74135e+09
-1.84611,0.271322,1.74135e+09
-1.8481,0.261773,1.74135e+09
-1.85015,0.252533,1.74135e+09
-1.85248,0.243282,1.74135e+09
-1.85494,0.234136,1.74135e+09
-1.85742,0.225192,1.74135e+09
-1.86024,0.216115,1.74135e+09
-1.86324,0.207117,1.74135e+09
-1.86637,0.198212,1.74135e+09
-1.86825,0.190199,1.74135e+09
-1.86808,0.188709,1.74135e+09
-1.86793,0.187796,1.74135e+09
-1.86778,0.186867,1.74135e+09
-1.86765,0.18592,1.74135e+09
-1.86753,0.184955,1.74135e+09
-1.86743,0.183974,1.74135e+09
-1.86734,0.182975,1.74135e+09
-1.86726,0.18196,1.74135e+09
-1.86721,0.180929,1.74135e+09
-1.86717,0.179882,1.74135e+09
-1.86714,0.17882,1.74135e+09
-1.86714,0.177744,1.74135e+09
-1.86716,0.176654,1.74135e+09
-1.86721,0.175551,1.74135e+09
-1.86728,0.174436,1.74135e+09
-1.86737,0.17331,1.74135e+09
-1.8675,0.172175,1.74135e+09
-1.86766,0.171033,1.74135e+09
-1.86785,0.169884,1.74135e+09
-1.86807,0.168732,1.74135e+09
-1.86834,0.167578,1.74135e+09
-1.86864,0.166425,1.74135e+09
-1.86899,0.165275,1.74135e+09
-1.86939,0.164132,1.74135e+09
-1.86984,0.162999,1.74135e+09
-1.86911,0.162754,1.74135e+09
-1.86712,0.163352,1.74135e+09
-1.86508,0.163902,1.74135e+09
-1.863,0.164409,1.74135e+09
-1.86087,0.164875,1.74135e+09
-1.8587,0.165304,1.74135e+09
-1.8565,0.165696,1.74135e+09
-1.85426,0.166056,1.74135e+09
-1.85198,0.166385,1.74135e+09
-1.84968,0.166686,1.74135e+09
-1.84735,0.166961,1.74135e+09
-1.84499,0.167212,1.74135e+09
-1.8426,0.16744,1.74135e+09
-1.84019,0.167646,1.74135e+09
-1.83775,0.167833,1.74135e+09
-1.83529,0.168001,1.74135e+09
-1.83281,0.168149,1.74135e+09
-1.8303,0.168279,1.74135e+09
-1.82777,0.168391,1.74135e+09
-1.82521,0.168485,1.74135e+09
-1.82518,0.168513,1.74135e+09
-1.82873,0.168516,1.74135e+09
-1.83225,0.168728,1.74135e+09
-1.83337,0.170257,1.74135e+09
-1.83073,0.173314,1.74135e+09
-1.82804,0.176357,1.74135e+09
-1.82532,0.17939,1.74135e+09
-1.82256,0.182417,1.74135e+09
-1.81979,0.185444,1.74135e+09
-1.81701,0.188474,1.74135e+09
-1.81422,0.191511,1.74135e+09
-1.81144,0.194558,1.74135e+09
-1.80866,0.197618,1.74135e+09
-1.80588,0.200694,1.74135e+09
-1.80312,0.203788,1.74135e+09
-1.80036,0.206901,1.74135e+09
-1.79761,0.210035,1.74135e+09
-1.79488,0.21319,1.74135e+09
-1.79215,0.216367,1.74135e+09
-1.78943,0.219564,1.74135e+09
-1.78671,0.22278,1.74135e+09
-1.78399,0.226011,1.74135e+09
-1.78127,0.229253,1.74135e+09
-1.77854,0.232501,1.74135e+09
-1.7758,0.235749,1.74135e+09
-1.77304,0.238987,1.74135e+09
-1.77027,0.242207,1.74135e+09
-1.76747,0.245397,1.74135e+09
-1.76463,0.248546,1.74135e+09
